Kode Variabel,Label,label_english,Variable Type,Aggregation Method,aggregation,Notes
R101N,NAMA PROVINSI,Province name,,,N/A,
R102N,NAMA KABUPATEN/KOTA,Regency/city name,,,N/A,
R103N,NAMA KECAMATAN,Sub -district name,,,N/A,
R104N,NAMA DESA/KELURAHAN,Village/kelurahan name,,,N/A,
R107A,STATUS DEFINITIF DESA DAN OPERASIONAL DESA/KELURAHAN: ADA WILAYAH DESA/KELURAHAN DENGAN BATAS YANG JELAS,Village Definitive Status and Village/Kelurahan Operations: There is a village/kelurahan area with a clear boundary,village level,proportion of villages in the regency with a clear boundary ,proportion,"For calculating the village level proportions at the regency level, your denominator needs to be the total number of villages in the regency, and the nominator needs to be the number of villages in the regency with a given characteristic"
R107B,STATUS DEFINITIF DESA DAN OPERASIONAL DESA/KELURAHAN: ADA PENDUDUK YANG MENETAP DI WILAYAH DESA/KELURAHAN,Village Definitive Status and Village/Kelurahan Operations: There are residents who settled in the village/kelurahan area,village level,proportion of villages in the regency with residents who settled in the village/kelurahan area ,proportion,
R107C,STATUS DEFINITIF DESA DAN OPERASIONAL DESA/KELURAHAN: ADA PEMERINTAH DESA/KELURAHAN,Village Definitive Status and Village/Kelurahan Operations: There is a Village/Kelurahan Government,village level ,proportion of villages in the regency with residents who settled in the village/kelurahan area ,proportion,
R301,STATUS PEMERINTAHAN,Government status,village level,"This needs to be broken down into a separate category for each government status (you can create dummy variables for each). Then use proportion (i.e. Proportion of villages with government status == desa, proportion of villages with govt status == Kelurahan, etc.)",proportion,
R302A,BADAN PERMUSYAWARATAN DESA/LEMBAGA MUSYAWARAH KELURAHAN,Village Consultative Body/Village Deliberation Institution,village level,"Create dummies for each option: ""ada""/""tidak ada"". Then calculate proportion (i.e. proportion of villages in the regency with and without consultative body)",proportion,
R302B,JUMLAH KEGIATAN MUSYAWARAH DESA/KELURAHAN YANG DILAKUKAN SELAMA TAHUN 2019,The number of village/kelurahan deliberations carried out during 2019,village level ,average number of discussions per village in the regency,mean,
R303,PETA DESA/KELURAHAN YANG DITETAPKAN DALAM PERATURAN BUPATI/WALIKOTA ATAU GUBERNUR,Map of the village/kelurahan stipulated in the Regent/Mayor Regulation or Governor,village level,"Create dummies for each option: ""ada""/""tidak ada"". Then calculate proportion",proportion,
R501A1,JUMLAH KELUARGA PENGGUNA LISTRIK PLN,Number of families of PLN electricity users,household level,proportion of families in the regency with PLN electricity ,proportion,"here, you may want to create a new variable with the total number of families in each village using this information, which will be helpful to calculate the hosuehold level proportions"
R501A2,JUMLAH KELUARGA PENGGUNA LISTRIK NON PLN,Number of Non PLN Electric User Families,household level,proportion of families in the regency with non-PLN electricity ,proportion,
R501B,JUMLAH KELUARGA BUKAN PENGGUNA LISTRIK,Number of Families Non -Electric User,household level,proportion of families in the recency with no-electricity,proportion,
R502A,PENERANGAN DI JALAN UTAMA DESA/KELURAHAN,Lighting on the main road/kelurahan road,village level,"create dummy variables for each option (yes, most of them; yes, some of them; yes there isn't) then calculate the proportion of villages in the regency for each of the options ",proportion,
R502B,"JIKA ADA PENERANGAN DI JALAN UTAMA DESA/KELURAHAN (R402A BERKODE 1 ATAU 2), JENIS PENERANGAN","If there is lighting on the main road of the village/kelurahan (R402A coded 1 or 2), the type of lighting",village level,"create dummy variables for each type of lighting (i.e. provided by govt. / provided by NGOs / ""non-electric"") and then calculate the proportion of villages in the regency with each type of lighting",proportion,
R503A1,BAHAN BAKAR UNTUK MEMASAK YANG DIGUNAKAN OLEH KELUARGA: GAS KOTA,Fuel for cooking used by families: city gas,household level,proportion of families in the regency that use city gas for cooking fuel,proportion,"For calculating the proportions of household level variables at the regency level, your denominator has to be the total number of households in the regency. The nominator needs to be the total number of households in the regency that has a given characteristic. In order to do this, you wil first want to create a variable that has the total number of families in each village. "
R503A2,BAHAN BAKAR UNTUK MEMASAK YANG DIGUNAKAN OLEH KELUARGA: LPG 3 KG,Fuel for cooking used by family: LPG 3 kg,household level,proportion of families in the regency  that use LPG for cooking fuel,proportion,
R503A3,BAHAN BAKAR UNTUK MEMASAK YANG DIGUNAKAN OLEH KELUARGA: LPG LEBIH DARI 3 KG,Fuel for cooking used by the family: LPG is more than 3 kg,household level,proportion of families  in the regency that use LPG >3KG for cooking fuel,proportion,
R503A4,BAHAN BAKAR UNTUK MEMASAK YANG DIGUNAKAN OLEH KELUARGA: MINYAK TANAH,Fuel for cooking used by the family: kerosene,household level,proportion of families  in the regency that use kerosene for cooking fuel,proportion,
R503A5,BAHAN BAKAR UNTUK MEMASAK YANG DIGUNAKAN OLEH KELUARGA: KAYU BAKAR,Fuel for cooking used by the family: firewood,household level,proportion of families in the regency  that use firewood for cooking fuel,proportion,
R503A6,BAHAN BAKAR UNTUK MEMASAK YANG DIGUNAKAN OLEH KELUARGA: LAINNYA,Fuel for cooking used by the family: Others,household level,proportion of families  in the regency  that use others for cooking fuel,proportion,
R503B,BAHAN BAKAR UNTUK MEMASAK SEBAGIAN BESAR KELUARGA:,Fuel for cooking most families:,household level,create dummy variables for each option (1-6) and calculate the proportion families  in the regency that use each option the most frequently,proportion,
R504A1,"TEMPAT BUANG SAMPAH KELUARGA: TEMPAT SAMPAH, KEMUDIAN DIANGKUT","Family trash throwing place: trash can, then transported",household level,proportion of families  in the regency  that use xx for garbage disposal,proportion,
R504A2,TEMPAT BUANG SAMPAH KELUARGA: DALAM LUBANG ATAU DIBAKAR,Family garbage container: in a hole or burned,household level,proportion of families  in the regency  that use xx for garbage disposal,proportion,
R504A3,TEMPAT BUANG SAMPAH KELUARGA: SUNGAI/SALURAN IRIGASI/DANAU/LAUT,Family Garbage Place: River/Irrigation Channel/Lake/Sea,household level,proportion of families  in the regency  that use xx for garbage disposal,proportion,
R504A4,TEMPAT BUANG SAMPAH KELUARGA: DRAINASE (GOT/SELOKAN),Family garbage places: drainage (sewers/gutters),household level,proportion of families  in the regency that use xx for garbage disposal,proportion,
R504A5,TEMPAT BUANG SAMPAH KELUARGA: LAINNYA,Family Trash Place: Others,household level,proportion of families  in the regency  that use xx for garbage disposal,proportion,
R504B,TEMPAT BUANG SAMPAH SEBAGIAN BESAR KELUARGA,Place to throw garbage most of the families,household level,create dummy variables for each option (1-6) and calculate the proportion families  in the regency that use each option the most frequently,proportion,
R504C,TEMPAT PEMBUANGAN SAMPAH SEMENTARA (TPS),Temporary landfill (TPS),village level ,the proportion of villages in the regency with a temporary landfill,proportion,
R505,KEBERADAAN BANK SAMPAH DI DESA/KELURAHAN,The existence of a garbage bank in the village/kelurahan,village level,the proportion of villages in the regency with a garbage bank,proportion,
R506,"KEGIATAN PENGOLAHAN SAMPAH: PENGOLAHAN/DAUR ULANG SAMPAH/LIMBAH (REUSE, RECYCLE) SELAMA SETAHUN TERAKHIR","Waste Management Activities: Processing/Recycling of Waste/Waste (Reuse, Recycle) for the past year",village level,"the proportion of villages in the regency with each type of involvement/activity in the past year (i.e. ""some residents involved"", ""no residents involved"", ""no activitty"") ",proportion,
R507A,PENGGUNAAN FASILITAS BUANG AIR BESAR SEBAGIAN BESAR KELUARGA DI DESA/KELURAHAN,The use of defecating facilities for most families in the village/kelurahan,household level,"proportion of the families in the regency using each option (i.e. own toiled, shared toilet, public latrines, no latrines)",proportion,
R507B,TEMPAT PEMBUANGAN AKHIR TINJA SEBAGIAN BESAR KELUARGA,Final Disposal Sites Most Families,household level,proportion of families in the regency using each type of disposal site ,proportion,
R508,SUMBER AIR UNTUK MINUM SEBAGIAN BESAR KELUARGA DI DESA/KELURAHAN BERASAL DARI,Water sources for drinking most families in the village/kelurahan come from,household level,"proportion of the families in the regency using each option (i.e, different drinking water options)",proportion,
R509,SUMBER AIR UNTUK MANDI/CUCI SEBAGIAN BESAR KELUARGA BERASAL DARI,The source of water for bathing/washing most of the families comes from,household level,"proportion of the families in the regency using each option (i.e, different bathing/washing water options)",proportion,
R510,KEBERADAAN SUNGAI DI DESA/KELURAHAN,The existence of rivers in the village/kelurahan,village level,the proportion of villages in the regency with rivers,proportion,
R511,JUMLAH EMBUNG DI DESA/KELURAHAN,The number of reservoirs in the village/kelurahan,village level,Sum across villages within a regency,sum,
R512A,"KEBERADAAN PERMUKIMAN KUMUH (SANITASI LINGKUNGAN BURUK, BANGUNAN PADAT, DAN SEBAGIAN BESAR TIDAK LAYAK HUNI) DI DESA/KELURAHAN","The existence of slums (poor environmental sanitation, dense buildings, and most unfit for habitation) in the village/kelurahan",village level,Proportion of villages with slums within a regency,proportion,
R512B1,JIKA ADA PERMUKIMAN KUMUH: JUMLAH LOKASI,If there is a slum: the number of locations,village level,Count the locations,sum,
R512B2,JIKA ADA PERMUKIMAN KUMUH: JUMLAH BANGUNAN,If there is a slum: the number of buildings,village level,Count the buildings,sum,
R512B3,JIKA ADA PERMUKIMAN KUMUH: JUMLAH KELUARGA,If there is a slum: the number of families,household level,proportion of families who live in slum ,proportion,
R601AK2,JENIS/JENJANG PENDIDIKAN : POS PENDIDIKAN ANAK USIA DINI (PAUD) NEGERI,Type/Level of Education: State Early Childhood Education Post (PAUD),village level,Count of this type of educational institution across villages within a regency,sum,
R601AK3,JENIS/JENJANG PENDIDIKAN : POS PENDIDIKAN ANAK USIA DINI (PAUD) SWASTA,Type/Level of Education: Private Early Childhood Education Post (PAUD),village level,Count of educational institution across villages within a regency,sum,
R601AK4,JARAK KE POS PENDIDIKAN ANAK USIA DINI (PAUD) (KM),Distance to Early Childhood Education Post (PAUD) (Km),village level,Average distance to educational institution across villages within a regency,mean,
R601AK5,KEMUDAHAN AKSES KE POS PENDIDIKAN ANAK USIA DINI (PAUD),Ease of access to Early Childhood Education Post (PAUD),village level,Creating dummy variable for each category of easy of access and calculating proportion,proportion,
R601BK2,JENIS/JENJANG PENDIDIKAN : TK NEGERI,Types/levels of education: TK Negeri,village level,Count of this type of educational institution across villages within a regency,sum,
R601BK3,JENIS/JENJANG PENDIDIKAN : TK SWASTA,Type/level of education: private kindergarten,village level,Count of educational institution across villages within a regency,sum,
R601BK4,JARAK KE TK (KM),Distance to kindergarten (km),village level,Average distance to educational institution across villages within a regency,mean,
R601BK5,KEMUDAHAN AKSES KE TK,Ease of access to kindergarten,village level,Creating dummy variable for each category of easy of access and calculating proportion,proportion,
R601CK2,JENIS/JENJANG PENDIDIKAN : RA/BA NEGERI,Type/level of education: RA/BA Negeri,village level,Count of this type of educational institution across villages within a regency,sum,
R601CK3,JENIS/JENJANG PENDIDIKAN : RA/BA SWASTA,Type/level of education: RA/BA Private,village level,Count of educational institution across villages within a regency,sum,
R601CK4,JARAK KE RA/BA (KM),Distance to ra/ba (km),village level,Average distance to educational institution across villages within a regency,mean,
R601CK5,KEMUDAHAN AKSES KE RA/BA,Ease of access to RA/BA,village level,Creating dummy variable for each category of easy of access and calculating proportion,proportion,
R601DK2,JENIS/JENJANG PENDIDIKAN : SD NEGERI,Type/level of education: SD Negeri,village level,Count of this type of educational institution across villages within a regency,sum,
R601DK3,JENIS/JENJANG PENDIDIKAN : SD SWASTA,Type/level of education: private elementary school,village level,Count of educational institution across villages within a regency,sum,
R601DK4,JARAK KE SD (KM),Distance to SD (KM),village level,Average distance to educational institution across villages within a regency,mean,
R601DK5,KEMUDAHAN AKSES KE SD,Ease of access to SD,village level,Creating dummy variable for each category of easy of access and calculating proportion,proportion,
R601EK2,JENIS/JENJANG PENDIDIKAN : MI NEGERI,Type/level of education: MI Negeri,village level,Count of this type of educational institution across villages within a regency,sum,
R601EK3,JENIS/JENJANG PENDIDIKAN : MI SWASTA,Types/levels of education: Private MI,village level,Count of educational institution across villages within a regency,sum,
R601EK4,JARAK KE MI (KM),Distance to mi (km),village level,Average distance to educational institution across villages within a regency,mean,
R601EK5,KEMUDAHAN AKSES KE MI,Ease of access to MI,village level,Creating dummy variable for each category of easy of access and calculating proportion,proportion,
R601FK2,JENIS/JENJANG PENDIDIKAN : SMP NEGERI,Type/level of education: SMP Negeri,village level,Count of this type of educational institution across villages within a regency,sum,
R601FK3,JENIS/JENJANG PENDIDIKAN : SMP SWASTA,Type/level of education: private junior high school,village level,Count of educational institution across villages within a regency,sum,
R601FK4,JARAK KE SMP (KM),Distance to junior high school (km),village level,Average distance to educational institution across villages within a regency,mean,
R601FK5,KEMUDAHAN AKSES KE SMP,Ease of access to junior high school,village level,Creating dummy variable for each category of easy of access and calculating proportion,proportion,
R601GK2,JENIS/JENJANG PENDIDIKAN : MTS NEGERI,Type/Level of Education: MTs Negeri,village level,Count of this type of educational institution across villages within a regency,sum,
R601GK3,JENIS/JENJANG PENDIDIKAN : MTS SWASTA,Type/Level of Education: Private MTs,village level,Count of educational institution across villages within a regency,sum,
R601GK4,JARAK KE MTS (KM),Distance to MTs (km),village level,Average distance to educational institution across villages within a regency,mean,
R601GK5,KEMUDAHAN AKSES KE MTS,Ease of access to MTs,village level,Creating dummy variable for each category of easy of access and calculating proportion,proportion,
R601HK2,JENIS/JENJANG PENDIDIKAN : SMA NEGERI,Type/Level of Education: SMA Negeri,village level,Count of this type of educational institution across villages within a regency,sum,
R601HK3,JENIS/JENJANG PENDIDIKAN : SMA SWASTA,Type/level of education: private high school,village level,Count of educational institution across villages within a regency,sum,
R601HK4,JARAK KE SMA (KM),Distance to high school (km),village level,Average distance to educational institution across villages within a regency,mean,
R601HK5,KEMUDAHAN AKSES KE SMA,Ease of access to high school,village level,Creating dummy variable for each category of easy of access and calculating proportion,proportion,
R601IK2,JENIS/JENJANG PENDIDIKAN : MA NEGERI,Type/level of education: MA Negeri,village level,Count of this type of educational institution across villages within a regency,sum,
R601IK3,JENIS/JENJANG PENDIDIKAN : MA SWASTA,Type/level of education: MA Private,village level,Count of educational institution across villages within a regency,sum,
R601IK4,JARAK KE MA (KM),Distance to MA (km),village level,Average distance to educational institution across villages within a regency,mean,
R601IK5,KEMUDAHAN AKSES KE MA,Ease of access to MA,village level,Creating dummy variable for each category of easy of access and calculating proportion,proportion,
R601JK2,JENIS/JENJANG PENDIDIKAN : SMK NEGERI,Type/level of education: State Vocational School,village level,Count of this type of educational institution across villages within a regency,sum,
R601JK3,JENIS/JENJANG PENDIDIKAN : SMK SWASTA,Type/level of education: private vocational school,village level,Count of this type of educational institution across villages within a regency,sum,
R601JK4,JARAK KE SMK (KM),Distance to SMK (KM),village level,Average distance to educational institution across villages within a regency,mean,
R601JK5,KEMUDAHAN AKSES KE SMK,Ease of access to SMK,village level,Creating dummy variable for each category of easy of access and calculating proportion,proportion,
R601KK2,JENIS/JENJANG PENDIDIKAN : AKADEMI/PERGURUAN TINGGI NEGERI,Type/Level of Education: State Academy/Universities,village level,Count of this type of educational institution across villages within a regency,sum,
R601KK3,JENIS/JENJANG PENDIDIKAN : AKADEMI/PERGURUAN TINGGI SWASTA,Type/Level of Education: Private Academy/College,village level,Count of educational institution across villages within a regency,sum,
R601KK4,JARAK KE AKADEMI/PERGURUAN TINGGI (KM),Distance to Academy/Higher Education (KM),village level,Average distance to educational institution across villages within a regency,mean,
R601KK5,KEMUDAHAN AKSES KE AKADEMI/PERGURUAN TINGGI,Ease of access to the Academy/College,village level,Creating dummy variable for each category of easy of access and calculating proportion,proportion,
R602,KEBERADAAN TAMAN BACAAN MASYARAKAT (TBM),The existence of Community Reading Park (TBM),village level,Proportion of villages with Community Reading Park within a regency,proportion,
R603AK2,JUMLAH RUMAH SAKIT,Number of hospitals,village level,Count of hospitals across villages within a regency,sum,
R603AK3,JARAK TERDEKAT MENUJU RUMAH SAKIT,The closest distance to the hospital,village level,Average distance to hospitals across villages within a regency,mean,
R603AK4,KEMUDAHAN UNTUK MENCAPAI RUMAH SAKIT,Ease of reaching the hospital,village level,Creating dummy variable for each category of easy of access and calculating proportion,proportion,
R603BK2,JUMLAH RUMAH SAKIT BERSALIN,Number of Maternity Hospitals,village level,Count of hospitals across villages within a regency,sum,
R603BK3,JARAK TERDEKAT MENUJU RUMAH SAKIT BERSALIN,The closest distance to the Hospital Maternity,village level,Average distance to hospitals across villages within a regency,mean,
R603BK4,KEMUDAHAN UNTUK MENCAPAI RUMAH SAKIT BERSALIN,Ease of reaching the maternity hospital,village level,Creating dummy variable for each category of easy of access and calculating proportion,proportion,
R603CK2,JUMLAH PUSKESMAS DENGAN RAWAT INAP,Number of Puskesmas with inpatient,village level,Count of Puskesmas across villages within a regency,sum,
R603CK3,JARAK TERDEKAT MENUJU PUSKESMAS DENGAN RAWAT INAP,Closest distance to the puskesmas with inpatient,village level,Average distance to Puskesmas across villages within a regency,mean,
R603CK4,KEMUDAHAN UNTUK MENCAPAI PUSKESMAS DENGAN RAWAT INAP,Ease of reaching the Puskesmas with inpatient,village level,Creating dummy variable for each category of easy of access and calculating proportion,proportion,
R603DK2,JUMLAH PUSKESMAS TANPA RAWAT INAP,Number of Puskesmas without Inpatient,village level,Count of Puskesmas across villages within a regency,sum,
R603DK3,JARAK TERDEKAT MENUJU PUSKESMAS TANPA RAWAT INAP,Closest distance to the puskesmas without hospitalization,village level,Average distance to Puskesmas across villages within a regency,mean,
R603DK4,KEMUDAHAN UNTUK MENCAPAI PUSKESMAS TANPA RAWAT INAP,Ease of reaching the Puskesmas without hospitalization,village level,Creating dummy variable for each category of easy of access and calculating proportion,proportion,
R603EK2,JUMLAH PUSKESMAS PEMBANTU,Number of Supporting Puskesmas,village level,Count of Puskesmas across villages within a regency,sum,
R603EK3,JARAK TERDEKAT MENUJU PUSKESMAS PEMBANTU,The closest distance to the Puskesmas Support,village level,Average distance to Puskesmas across villages within a regency,mean,
R603EK4,KEMUDAHAN UNTUK MENCAPAI PUSKESMAS PEMBANTU,Ease of reaching the Puskesmas auxiliary,village level,Creating dummy variable for each category of easy of access and calculating proportion,proportion,
R603FK2,JUMLAH POLIKLINIK/BALAI PENGOBATAN,Number of Polyclinic/Treatment Center,village level,Count of Polyclinic/Treatment Center across villages within a regency,sum,
R603FK3,JARAK TERDEKAT MENUJU POLIKLINIK/BALAI PENGOBATAN,The closest distance to the Polyclinic/Treatment Center,village level,Average distance to Polyclinic/Treatment Center across villages within a regency,mean,
R603FK4,KEMUDAHAN UNTUK MENCAPAI POLIKLINIK/BALAI PENGOBATAN,Ease of achieving polyclinic/treatment centers,village level,Creating dummy variable for each category of easy of access and calculating proportion,proportion,
R603GK2,JUMLAH TEMPAT PRAKTEK DOKTER,The number of doctor practice places,village level,Count of doctor practice places across villages within a regency,sum,
R603GK3,JARAK TERDEKAT MENUJU TEMPAT PRAKTEK DOKTER,The closest distance to the doctor's practice,village level,Average distance to doctor practice placesacross villages within a regency,mean,
R603GK4,KEMUDAHAN UNTUK MENCAPAI TEMPAT PRAKTEK DOKTER,Ease of reaching the doctor's practice,village level,Creating dummy variable for each category of easy of access and calculating proportion,proportion,
R603HK2,JUMLAH RUMAH BERSALIN,Number of maternity houses,village level,Count of maternity houses across villages within a regency,sum,
R603HK3,JARAK TERDEKAT MENUJU RUMAH SAKIT BERSALIN,The closest distance to the Hospital Maternity,village level,Average distance to  maternity houses across villages within a regency,mean,
R603HK4,KEMUDAHAN UNTUK MENCAPAI RUMAH BERSALIN,Ease of reaching the maternity house,village level,Creating dummy variable for each category of easy of access and calculating proportion,proportion,
R603IK2,JUMLAH TEMPAT PRAKTEK BIDAN,Number of Midwife Practice Places,village level,Count of Midwife Practice Places across villages within a regency,sum,
R603IK3,JARAK TERDEKAT MENUJU TEMPAT PRAKTEK BIDAN,Closest distance to the place of practice midwife,village level,Average distance to  Midwife Practice Places across villages within a regency,mean,
R603IK4,KEMUDAHAN UNTUK MENCAPAI TEMPAT PRAKTEK BIDAN,Ease of reaching the place of practice of midwives,village level,Creating dummy variable for each category of easy of access and calculating proportion,proportion,
R603JK2,JUMLAH POSKESDES (POS KESEHATAN DESA),Number of Poskesdes (Village Health Post),village level,Count of Poskesdes across villages within a regency,sum,
R603JK3,JARAK TERDEKAT MENUJU POSKESDES (POS KESEHATAN DESA),The closest distance to Poskesdes (Village Health Post),village level,Average distance to  Poskesdes across villages within a regency,mean,
R603JK4,KEMUDAHAN UNTUK MENCAPAI POSKESDES (POS KESEHATAN DESA),Ease of reaching Poskesdes (Village Health Post),village level,Creating dummy variable for each category of easy of access and calculating proportion,proportion,
R603KK2,JUMLAH POLINDES (PONDOK BERSALIN DESA),Number of Polindes (Pondok Maternity Village),village level,Count of Polindes across villages within a regency,sum,
R603KK3,JARAK TERDEKAT MENUJU POLINDES (PONDOK BERSALIN DESA),The closest distance to Polindes (Pondok Maternity Village),village level,Average distance to  Polindes across villages within a regency,mean,
R603KK4,KEMUDAHAN UNTUK MENCAPAI POLINDES (PONDOK BERSALIN DESA),Ease of reaching Polindes (Pondok Maternity Village),village level,Creating dummy variable for each category of easy of access and calculating proportion,proportion,
R603LK2,JUMLAH APOTEK,Number of Pharmacies,village level,Count of Pharmacies across villages within a regency,sum,
R603LK3,JARAK TERDEKAT MENUJU APOTEK,The closest distance to the pharmacy,village level,Average distance to  Pharmacies across villages within a regency,mean,
R603LK4,KEMUDAHAN UNTUK MENCAPAI APOTEK,Ease of reaching the pharmacy,village level,Creating dummy variable for each category of easy of access and calculating proportion,proportion,
R603MK2,JUMLAH TOKO KHUSUS OBAT/JAMU,The number of special drugs/herbal medicine shops,village level,Count of special drugs/herbal medicine shops across villages within a regency,sum,
R603MK3,JARAK TERDEKAT MENUJU TOKO KHUSUS OBAT/JAMU,The closest distance to the special drug/herbal medicine store,village level,Average distance to  special drugs/herbal medicine shops across villages within a regency,mean,
R603MK4,KEMUDAHAN UNTUK MENCAPAI TOKO KHUSUS OBAT/JAMU,Ease of achieving a special drug/herbal medicine store,village level,Creating dummy variable for each category of easy of access and calculating proportion,proportion,
R603NK2,POSYANDU MENURUT KEGIATAN/PELAYANAN SELAMA SETAHUN TERAKHIR,Posyandu according to activities/services for the past year,village level,Count the number of posyandu,sum,
R603N1K2,POSYANDU YANG MELAKUKAN KEGIATAN PENYULUHAN/PENDIDIKAN,Posyandu who carries out counseling/education activities,village level,Count the number of posyandu,sum,
R603N2K2,POSYANDU YANG MEMBERIKAN MAKANAN/MINUMAN TAMBAHAN,Posyandu which provides additional food/drinks,village level,Count the number of posyandu,sum,
R603N3K2,POSYANDU DENGAN KEGIATAN/PELAYANAN SETIAP SEBULAN SEKALI,Posyandu with activities/services once a month,village level,Count the number of posyandu,sum,
R603N4K2,POSYANDU DENGAN KEGIATAN/PELAYANAN SETIAP 2 BULAN SEKALI ATAU LEBIH,Posyandu with activities/services every 2 months or more,village level,Count the number of posyandu,sum,
R604,JUMLAH WARGA PENDERITA GIZI BURUK (MARASMUS DAN KWASHIORKOR) PADA TAHUN 2019,Number of citizens with malnutrition (Marasmus and Kwashiorkor) in 2019,village level,Count of citizens affected by manutrition,sum,
R605AK2,KEJADIAN LUAR BIASA (KLB) MUNTABER/DIARE,Extraordinary Events (KLB) Muntaber/diarrhea,village level,Proportion of villages reporting the event,proportion,
R605AK3,JUMLAH PENDERITA MUNTABER/DIARE,Number of sufferers of vomiting/diarrhea,village level,Total count across villages within a regency,sum,
R605AK4,JUMLAH PENDERITA YANG MENINGGAL KARENA MUNTABER/DIARE,The number of sufferers who died of vomiting/diarrhea,village level,Total count of deaths across villages within a regency,sum,
R605BK2,KEJADIAN LUAR BIASA (KLB) DEMAM BERDARAH,Extraordinary Events (KLB) Dengue Fever,village level,Proportion of villages reporting the event,proportion,
R605BK3,JUMLAH PENDERITA DEMAM BERDARAH,The number of people with dengue fever,village level,Total count across villages within a regency,sum,
R605BK4,JUMLAH PENDERITA YANG MENINGGAL KARENA DEMAM BERDARAH,The number of sufferers who died of dengue fever,village level,Total count of deaths across villages within a regency,sum,
R605CK2,KEJADIAN LUAR BIASA (KLB) CAMPAK,Extraordinary Events (KLB) Measles,village level,Proportion of villages reporting the event,proportion,
R605CK3,JUMLAH PENDERITA CAMPAK,Number of measles sufferers,village level,Total count across villages within a regency,sum,
R605CK4,JUMLAH PENDERITA YANG MENINGGAL KARENA CAMPAK,The number of sufferers who died of measles,village level,Total count of deaths across villages within a regency,sum,
R605DK2,KEJADIAN LUAR BIASA (KLB) MALARIA,Extraordinary Events (KLB) Malaria,village level,Proportion of villages reporting the event,proportion,
R605DK3,JUMLAH PENDERITA MALARIA,Number of malaria sufferers,village level,Total count across villages within a regency,sum,
R605DK4,JUMLAH PENDERITA YANG MENINGGAL KARENA MALARIA,The number of sufferers who died of malaria,village level,Total count of deaths across villages within a regency,sum,
R605EK2,KEJADIAN LUAR BIASA (KLB) FLU BURUNG/SARS,Extraordinary Events (KLB) bird flu/sars,village level,Proportion of villages reporting the event,proportion,
R605EK3,JUMLAH PENDERITA FLU BURUNG/SARS,The number of bird flu sufferers/sars,village level,Total count across villages within a regency,sum,
R605EK4,JUMLAH PENDERITA YANG MENINGGAL KARENA FLU BURUNG/SARS,The number of sufferers who died of bird flu/sars,village level,Total count of deaths across villages within a regency,sum,
R605FK2,KEJADIAN LUAR BIASA (KLB) HEPATITIS E,Extraordinary Events (KLB) Hepatitis E,village level,Proportion of villages reporting the event,proportion,
R605FK3,JUMLAH PENDERITA HEPATITIS E,The number of people with hepatitis e,village level,Total count across villages within a regency,sum,
R605FK4,JUMLAH PENDERITA YANG MENINGGAL KARENA HEPATITIS E,The number of sufferers who died of hepatitis e,village level,Total count of deaths across villages within a regency,sum,
R605GK2,KEJADIAN LUAR BIASA (KLB) DIFTERI,Extraordinary Events (KLB) Diphtheria,village level,Proportion of villages reporting the event,proportion,
R605GK3,JUMLAH PENDERITA DPT DIFTERI,Number of sufferers of diphtheria,village level,Total count across villages within a regency,sum,
R605GK4,JUMLAH PENDERITA YANG MENINGGAL KARENA DPT DIFTERI,The number of sufferers who died due to diphtheria DPT,village level,Total count of deaths across villages within a regency,sum,
R605HK2,KEJADIAN LUAR BIASA (KLB) COVID-19,Extraordinary Events (KLB) Covid-19,village level,Proportion of villages reporting the event,proportion,
R605HK3,JUMLAH PENDERITA COVID-19,Number of Covid-19 sufferers,village level,Total count across villages within a regency,sum,
R605HK4,JUMLAH PENDERITA YANG MENINGGAL KARENA COVID-19,Number of sufferers who died of Covid-19,village level,Total count of deaths across villages within a regency,sum,
R605IK2,"KEJADIAN LUAR BIASA (KLB) LAINNYA (MISALNYA: CHIKUNGUNYA, LEPTOSPIROSIS, KOLERA, DLL.)","Other extraordinary events (KLB) (for example: Chikungunya, leptospirosis, cholera, etc.)",village level,Proportion of villages reporting the event,proportion,
R605IK3,"JUMLAH PENDERITA LAINNYA (MISALNYA: CHIKUNGUNYA, LEPTOSPIROSIS, KOLERA, DLL.)","The number of other sufferers (for example: chikungunya, leptospirosis, cholera, etc.)",village level,Total count across villages within a regency,sum,
R605IK4,"JUMLAH PENDERITA YANG MENINGGAL KARENA LAINNYA (MISALNYA: CHIKUNGUNYA, LEPTOSPIROSIS, KOLERA, DLL.)","The number of sufferers who died due to other (for example: chikungunya, leptospirosis, cholera, etc.)",village level,Total count of deaths across villages within a regency,sum,
R701AK2,KETERSEDIAAN FASILITAS/LAPANGAN: SEPAK BOLA,Availability of facilities/field: soccer,village level,Creating dummy variable for each category of nature of sports facilites and calculating proportion,proportion,
R701AK3,KELOMPOK KEGIATAN : SEPAK BOLA,Activity Group: Football,village level,Proportion of villages having this activity group,proportion,
R701BK2,KETERSEDIAAN FASILITAS/LAPANGAN: BOLA VOLI,Availability of facilities/field: volleyball,village level,Creating dummy variable for each category of nature of sports facilites and calculating proportion,proportion,
R701BK3,KELOMPOK KEGIATAN : BOLA VOLI,Activity Group: Volleyball,village level,Proportion of villages having this activity group,proportion,
R701CK2,KETERSEDIAAN FASILITAS/LAPANGAN: BULU TANGKIS,Availability of facilities/field: badminton,village level,Creating dummy variable for each category of nature of sports facilites and calculating proportion,proportion,
R701CK3,KELOMPOK KEGIATAN : BULU TANGKIS,Activity Group: Badminton,village level,Proportion of villages having this activity group,proportion,
R701DK2,KETERSEDIAAN FASILITAS/LAPANGAN: BOLA BASKET,Availability of facilities/field: basketball,village level,Creating dummy variable for each category of nature of sports facilites and calculating proportion,proportion,
R701DK3,KELOMPOK KEGIATAN : BOLA BASKET,Activity Group: Basketball,village level,Proportion of villages having this activity group,proportion,
R701EK2,KETERSEDIAAN FASILITAS/LAPANGAN: TENIS LAPANGAN,Availability of Facilities/Field: Field Tennis,village level,Creating dummy variable for each category of nature of sports facilites and calculating proportion,proportion,
R701EK3,KELOMPOK KEGIATAN : TENIS LAPANGAN,Activity Group: Field Tennis,village level,Proportion of villages having this activity group,proportion,
R701FK2,KETERSEDIAAN FASILITAS/LAPANGAN: TENIS MEJA,Availability of Facilities/Field: Table Tennis,village level,Creating dummy variable for each category of nature of sports facilites and calculating proportion,proportion,
R701FK3,KELOMPOK KEGIATAN : TENIS MEJA,Activity Group: Table Tennis,village level,Proportion of villages having this activity group,proportion,
R701GK2,KETERSEDIAAN FASILITAS/LAPANGAN: FUTSAL,Availability of Facilities/Field: Futsal,village level,Creating dummy variable for each category of nature of sports facilites and calculating proportion,proportion,
R701GK3,KELOMPOK KEGIATAN : FUTSAL,Activity Group: Futsal,village level,Proportion of villages having this activity group,proportion,
R701HK2,KETERSEDIAAN FASILITAS/LAPANGAN: RENANG,Availability of Facilities/Field: Swimming,village level,Creating dummy variable for each category of nature of sports facilites and calculating proportion,proportion,
R701HK3,KELOMPOK KEGIATAN : RENANG,Activity Group: Swimming,village level,Proportion of villages having this activity group,proportion,
R701IK2,"KETERSEDIAAN FASILITAS/LAPANGAN: BELA DIRI (PENCAK SILAT, KARATE, DLL.)","Availability of facilities/field: self -defense (pencak silat, karate, etc.)",village level,Creating dummy variable for each category of nature of sports facilites and calculating proportion,proportion,
R701IK3,"KELOMPOK KEGIATAN : BELA DIRI (PENCAK SILAT, KARATE, DLL.)","Activity Group: self -defense (pencak silat, karate, etc.)",village level,Proportion of villages having this activity group,proportion,
R701JK2,KETERSEDIAAN FASILITAS/LAPANGAN: BILYARD,Availability of Facilities/Field: Billiard,village level,Creating dummy variable for each category of nature of sports facilites and calculating proportion,proportion,
R701JK3,KELOMPOK KEGIATAN : BILYARD,Activity Group: Billiard,village level,Proportion of villages having this activity group,proportion,
R701KK2,"KETERSEDIAAN FASILITAS/LAPANGAN: PUSAT KEBUGARAN (FITNES, AEROBIK)","Availability of Facilities/Field: Fitness Center (Fitness, Aerobics)",village level,Creating dummy variable for each category of nature of sports facilites and calculating proportion,proportion,
R701KK3,KELOMPOK KEGIATAN : PUSAT KEBUGARAN (FITNESS CENTER) :,Activity Group: Fitness Center (Fitness Center):,village level,Proportion of villages having this activity group,proportion,
R701LK2,KETERSEDIAAN FASILITAS/LAPANGAN: LAINNYA,Availability of Facilities/Field: Others,village level,Creating dummy variable for each category of nature of sports facilites and calculating proportion,proportion,
R701LK3,KELOMPOK KEGIATAN : LAINNYA,Activity Group: Other,village level,Proportion of villages having this activity group,proportion,
R702,KEBERADAAN PUB/DISKOTIK/TEMPAT KARAOKE YANG MASIH BERFUNGSI,The existence of a pub/discotheque/karaoke place that is still functioning,village level,"Proportion of villages having pubs,karoake clubs",proportion,
R703,"RUANG PUBLIK TERBUKA YANG PERUNTUKAN UTAMANYA SEBAGAI TEMPAT BAGI WARGA DESA/KELURAHAN UNTUK BERSANTAI/BERMAIN TANPA PERLU MEMBAYAR (MISALNYA: LAPANGAN TERBUKA/ALUN–ALUN, TAMAN, DLL.)","Open public space whose main designation is a place for village/kelurahan residents to relax/play without the need to pay (for example: open fields/squares, parks, etc.)",village level,Create dummy variable for each category and calculate proportion,proportion,
R801A,LALU LINTAS DARI/KE DESA/KELURAHAN MELALUI,Traffic from/to villages/kelurahan through,village level,Create dummy variable for each category and calculate proportion,proportion,
R801B1,JENIS PERMUKAAN JALAN YANG TERLUAS,The widest type of road surface,village level,Create dummy variable for each category and calculate proportion,proportion,
R801B2,JALAN DARAT DAPAT DILALUI KENDARAAN BERMOTOR RODA 4 ATAU LEBIH,Roads can be passed by 4 or more motorized motor vehicles,village level,Create dummy variable for each category and calculate proportion,proportion,
R801C1,ANGKUTAN UMUM YANG MELEWATI DESA/KELURAHAN : KEBERADAAN ANGKUTAN UMUM,Public transportation that passes through villages/kelurahan: the existence of public transportation,village level,Create dummy variable for each category and calculate proportion,proportion,
R801C2,ANGKUTAN UMUM YANG MELEWATI DESA/KELURAHAN : OPERASIONAL ANGKUTAN UMUM YANG UTAMA,Public transportation that passes through villages/kelurahan: Main Public Transportation Operations,village level,Proportion of villages having everyday public transport operations,proportion,
R801C3,ANGKUTAN UMUM YANG MELEWATI DESA/KELURAHAN : JAM OPERASI ANGKUTAN UMUM YANG UTAMA,Public transportation that passes through villages/kelurahan: the main public transport operating hours,village level,Create dummy variable for each category and calculate proportion,proportion,
R802AK2,SARANA TRANSPORTASI YANG BIASA DIGUNAKAN DARI KANTOR KEPALA DESA/LURAH KE KANTOR CAMAT,Transportation facilities commonly used from the village head/lurah office to the sub -district office,village level,"proportion of transport facilities, after creating dummies ",proportion,
R802AK3,JENIS ANGKUTAN UMUM DARI KANTOR KEPALA DESA/LURAH KE KANTOR CAMAT,Types of Public Transportation from the Village Head/Lurah Office to the Sub -District Office,village level,proportion of general transport ,proportion,
R802AK4,JENIS ANGKUTAN UMUM YANG UTAMA DARI KANTOR KEPALA DESA/LURAH KE KANTOR CAMAT,The main type of public transportation from the village head/lurah office to the sub -district office,village level,proportion of main public transport ,proportion,
R802AK5,JARAK TEMPUH DARI KANTOR KEPALA DESA/LURAH KE KANTOR CAMAT,The distance from the village head/lurah office to the sub -district office,village level,average distance between head and sub-district office,mean,
R802AK6A,WAKTU TEMPUH DARI KANTOR KEPALA DESA/LURAH KE KANTOR CAMAT (JAM),Travel time from the village head/lurah office to the sub -district office (hour),village level,add hour and minute to make one column and take average for regency,mean,
R802AK6B,WAKTU TEMPUH DARI KANTOR KEPALA DESA/LURAH KE KANTOR CAMAT (MENIT),Travel time from the village head/lurah office to the sub -district office (minute),village level,add hour and minute to make one column and take average for regency,mean,
R802AK7,BIAYA TRANSPORTASI DARI KANTOR KEPALA DESA/LURAH KE KANTOR CAMAT,Transportation costs from the Village/Lurah Head Office to the Sub -District Office,village level,average cost for transportation ,mean,
R802BK2,SARANA TRANSPORTASI YANG BIASA DIGUNAKAN DARI KANTOR KEPALA DESA/LURAH KE KANTOR BUPATI/WALIKOTA,Transportation facilities commonly used from the Village/Lurah Head Office to the Regent/Mayor's Office,village level,proportion of transport facilities form village head to mayors office,proportion,
R802BK3,JENIS ANGKUTAN UMUM DARI KANTOR KEPALA DESA/LURAH KE KANTOR BUPATI/WALIKOTA,Types of Public Transportation from the Village Head/Lurah Office to the Regent/Mayor's Office,village level,proportion of general transport from village head to mayors office ,proportion,
R802BK4,JENIS ANGKUTAN UMUM YANG UTAMA DARI KANTOR KEPALA DESA/LURAH KE KANTOR BUPATI/WALIKOTA,The main type of public transportation from the village head/lurah office to the regent/mayor's office,village level,proportoin of main public transport from village head to mayors office ,proportion,
R802BK5,JARAK TEMPUH DARI KANTOR KEPALA DESA/LURAH KE KANTOR BUPATI/WALIKOTA,The distance from the village head/lurah office to the regent/mayor's office,village level,average distance between head and mayors office,mean,
R802BK6A,WAKTU TEMPUH DARI KANTOR KEPALA DESA/LURAH KE KANTOR BUPATI/WALIKOTA (JAM),Travel time from the village head/lurah office to the regent/mayor's office (hours),village level,add hour and minute to make one column and take average for regency,mean,
R802BK6B,WAKTU TEMPUH DARI KANTOR KEPALA DESA/LURAH KE KANTOR BUPATI/WALIKOTA (MENIT),Travel time from the village head/lurah office to the regent/mayor's office (minutes),village level,add hour and minute to make one column and take average for regency,mean,
R802BK7,BIAYA TRANSPORTASI DARI KANTOR KEPALA DESA/LURAH KE KANTOR BUPATI/WALIKOTA,Transportation costs from the Village/Lurah Head Office to the Regent/Mayor's Office,village level,average cost for transportation ,mean,
R803A,JUMLAH KELUARGA YANG BERLANGGANAN TELEPON KABEL,The number of families subscribed to cable phones,household level,total number of families subscribed to cabel phones,sum,
R803B,KEBERADAAN WARGA YANG MENGGUNAKAN TELEPON SELULER/HANDPHONE,The presence of residents who use cell phones/mobile phones,household level,proportion of recidents who use mobile phones,proportion,
R804,"KEBERADAAN INTERNET UNTUK WARNET, GAME ONLINE, DAN FASILITAS LAINNYA DI DESA/KELURAHAN","The existence of the internet for internet cafes, online games, and other facilities in the village/kelurahan",village level,proportion of existence of internet cafes,proportion,
R805A,JUMLAH MENARA TELEPON SELULER ATAU BASE TRANSCEIVER STATION (BTS),Number of Cell Phone Tower or Base Transceiver Station (BTS),village level,total number of  cellphone towers,sum,
R805B,JUMLAH OPERATOR LAYANAN KOMUNIKASI TELEPON SELULER/HANDPHONE YANG MENJANGKAU DI DESA/KELURAHAN,Number of cellular/mobile phone communication service operators that reach the village/kelurahan,village level,total number of cellular service operators,sum,
R805C,SINYAL TELEPON SELULER/HANDPHONE DI SEBAGIAN BESAR WILAYAH DESA/KELURAHAN,Cellular/mobile phone signals in most villages/kelurahan areas,village level,proportion of singnal strength,proportion,
R805D,SINYAL INTERNET TELEPON SELULER/HANDPHONE DI SEBAGIAN BESAR WILAYAH DI DESA/KELURAHAN,Cell phone/mobile phone signals in most areas in the village/kelurahan,village level,proportion of internet signal strength ,proportion,
R806A,KOMPUTER/PC/LAPTOP YANG MASIH BERFUNGSI DI KANTOR KEPALA DESA/LURAH,Computers/PCs/laptops that still function in the Village Head/Lurah Office,village level,proportion of computers working ,proportion,
R806B,FASILITAS INTERNET DI KANTOR KEPALA DESA/LURAH,Internet Facilities at the Village Head/Lurah Office,village level,proportion of internet facilities working,proportion,
R807A,KANTOR POS/POS PEMBANTU/RUMAH POS,Post/post office/post house,village level,proportion of post offices operating,proportion,
R807B,LAYANAN POS KELILING,Mobile Post Service,village level,proportion of mobile post services availability,proportion,
R807C,PERUSAHAAN/AGEN JASA EKSPEDISI (PENGIRIMAN BARANG/DOKUMEN) SWASTA,Private Supporting Services/Service Agents (Delivery of Goods/Documents),village level,proportion of private service agents delivering goods,proportion,
R901A,"JUMLAH INDUSTRI MIKRO DAN KECIL MENURUT BAHAN BAKU UTAMA: INDUSTRI BARANG DARI KULIT (TAS, SEPATU, SANDAL, DLL.)","Number of Micro and Small Industries According to Main Raw Materials: Industry of Leather Goods (Bags, Shoes, Sandals, etc.)",village level,total number of leather industries,sum,
R901B,"JUMLAH INDUSTRI MIKRO DAN KECIL MENURUT BAHAN BAKU UTAMA: INDUSTRI BARANG DARI KAYU (MEJA, KURSI, LEMARI, DLL.)","Number of Micro and Small Industries According to Main Raw Materials: Industry of Goods (Tables, Chairs, Chairs, Cabinets, etc.)",village level,total number of wooden goods industries,sum,
R901C,"JUMLAH INDUSTRI MIKRO DAN KECIL MENURUT BAHAN BAKU UTAMA: INDUSTRI BARANG DARI LOGAM MULIA ATAU BAHAN LOGAM (PERABOT DAN PERHIASAN DARI LOGAM, DLL.)","Number of Micro and Small Industries According to Main Raw Materials: Industry of Goods from Metal Metals or Metal Materials (Furniture and Jewelry from Metals, etc.)",village level,total nuumber of metal industries ,sum,
R901D,"JUMLAH INDUSTRI MIKRO DAN KECIL MENURUT BAHAN BAKU UTAMA: INDUSTRI BARANG DARI KAIN/TENUN (KERAJINAN TENUN, KONVEKSI, DLL.)","Number of Micro and Small Industries According to Main Raw Materials: Industry of Goods from Fabric/Weaving (Weaving Crafts, Convection, etc.)",village level,total number of fabric industries ,sum,
R901E,"JUMLAH INDUSTRI MIKRO DAN KECIL MENURUT BAHAN BAKU UTAMA: INDUSTRI GERABAH/KERAMIK/BATU (GENTENG, BATU BATA, PORSELIN, TEGEL, KERAMIK, DLL.)","Number of Micro and Small Industries According to Main Raw Materials: Pottery/Ceramic/Stone Industries (tiles, bricks, porcelain, tiles, ceramics, etc.)",village level,total number of pottery industries ,sum,
R901F,"JUMLAH INDUSTRI MIKRO DAN KECIL MENURUT BAHAN BAKU UTAMA: INDUSTRI ANYAMAN YANG TERBUAT DARI ROTAN/BAMBU, RUMPUT,PANDAN, DLL. (TIKAR, TAS, HIASAN DINDING, DAN PRODUK LAINNYA).","Number of Micro and Small Industries According to Main Raw Materials: Woven Industries made of rattan/bamboo, grass, pandanus, etc. (Mats, bags, wall hangings, and other products).",village level,"total number of bamboo, grass industries",sum,
R901G,"JUMLAH INDUSTRI MIKRO DAN KECIL MENURUT BAHAN BAKU UTAMA: INDUSTRI MAKANAN DAN MINUMAN (PENGOLAHAN DAN PENGAWETAN DAGING, IKAN, BUAH– BUAHAN, SAYURAN,MINYAK DAN LEMAK, SUSU DAN MAKANAN DARI SUSU, MAKANAN DAN MINUMAN LAIN, DLL.)","The number of micro and small industries according to the main raw material: the food and beverage industry (processing and preserving meat, fish, fruits, vegetables, oil and fat, milk and food from milk, other foods and drinks, etc.)",village level,total number of food procesing industries ,sum,
R901H,JUMLAH INDUSTRI MIKRO DAN KECIL MENURUT BAHAN BAKU UTAMA: INDUSTRI LAINNYA.,Number of Micro and Small Industries According to Main Raw Materials: Other Industries.,village level,total number of other industries ,sum,
R902A,KEBERADAAN PANGKALAN/AGEN/PENJUAL MINYAK TANAH (TERMASUK PENJUAL MINYAK TANAH KELILING),The existence of bases/agents/sellers of kerosene (including mobile kerosene sellers),village level,proportion of kerosine sellers ,proportion,
R902B,"KEBERADAAN PANGKALAN/AGEN/PENJUAL LPG (WARUNG, TOKO, SUPERMARKET, PENJUAL GAS KELILING)","The existence of the base/agent/seller of LPG (stalls, shops, supermarkets, mobile gas sellers)",village level,proportion of lpg sellers,proportion,
R903AK2,"JUMLAH BANK UMUM PEMERINTAH (MISALNYA: BRI, BNI, MANDIRI, BPD, BTN, DLL.)","Number of Government Commercial Banks (for example: BRI, BNI, Mandiri, BPD, BTN, etc.)",village level,total number of government banks,sum,
R903AK3,JARAK TERDEKAT KE BANK UMUM PEMERINTAH,Closest distance to government commercial banks,village level,average distance of closest bank,mean,
R903AK4,KEMUDAHAN UNTUK MENCAPAI BANK UMUM PEMERINTAH,Ease of achieving government commercial banks,village level,proportion of ease of achieving government commercial bamks,proportion,
R903BK2,"JUMLAH BANK UMUM SWASTA (MISALNYA: BCA, PERMATA, SINARMAS, CIMB, DLL.)","Number of private commercial banks (for example: BCA, Permata, Sinarmas, CIMB, etc.)",village level,total number of private banks,sum,
R903BK3,JARAK TERDEKAT KE BANK UMUM SWASTA,Closest distance to private commercial banks,village level,average distance to private banks,mean,
R903BK4,KEMUDAHAN UNTUK MENCAPAI BANK UMUM SWASTA,Ease of achieving private commercial banks,village level,proportion of ease of achieving provate commercial bamks,proportion,
R903CK2,JUMLAH BANK PERKREDITAN RAKYAT (BPR),Number of People's Credit Banks (BPR),village level,total number of rural banks,sum,
R903CK3,JARAK TERDEKAT KE BANK PERKREDITAN RAKYAT (BPR),The closest distance to the People's Credit Bank (BPR),village level,average distance to rural banks,mean,
R903CK4,KEMUDAHAN UNTUK MENCAPAI BANK PERKREDITAN RAKYAT (BPR),Ease of achieving a People's Credit Bank (BPR),village level,proportion of ease of achieving rural bank,proportion,
R904A,JUMLAH KOPERASI UNIT DESA (KUD) YANG BEROPERASI,The number of operating village unit cooperatives (KUD),village level,total number of operating village unit cooperatives,sum,
R904B,JUMLAH KOPERASI INDUSTRI KECIL DAN KERAJINAN RAKYAT (KOPINKRA)/USAHA MIKRO,Number of Small Industrial Cooperatives and People's Crafts (Kopinkra)/Micro Business,village level,total number of small industrial cooperatives,sum,
R904C,JUMLAH KOPERASI SIMPAN PINJAM (KOSPIN),Number of Savings and Loan Cooperatives (Kospin),village level,total number of savings and loan cooperatives ,sum,
R904D,JUMLAH KOPERASI LAINNYA,Number of other cooperatives,village level,total number of other cooperatives,sum,
R905,KEBERADAAN SALON KECANTIKAN,The existence of a beauty salon,village level,proportiono f beauty salons,proportion,
R906AK2,JUMLAH KELOMPOK PERTOKOAN,Number of shopping groups,village level,total number of shopping groups ,sum,
R906AK3,"JIKA TIDAK ADA [KOLOM (2) TERISI 0], JARAK KE KELOMPOK PERTOKOAN TERDEKAT (KM)","If there is no [column (2) filled with 0], distance to the nearest shopping group (km)",village level,average distance to nearst shopping group,mean,
R906AK4,"JIKA TIDAK ADA [KOLOM (2) TERISI 0], KEMUDAHAN UNTUK MENCAPAI KELOMPOK PERTOKOAN","If there is no [column (2) filled with 0], the ease of reaching the shopping group",village level,proportion of ease of access,proportion,
R906BK2,"JUMLAH PASAR DENGAN BANGUNAN PERMANEN (MEMILIKI ATAP, LANTAI, DAN DINDING)","The number of markets with permanent buildings (having roofs, floors and walls)",village level,total number of markets with permanent buildings,sum,
R906BK3,"JIKA TIDAK ADA [KOLOM (2) TERISI 0], JARAK KE PASAR DENGAN BANGUNAN PERMANEN TERDEKAT (KM)","If there is no [column (2) filled with 0], distance to the market with the nearest permanent building (km)",village level,average distance to nearest permanent building,mean,
R906BK4,"JIKA TIDAK ADA [KOLOM (2) TERISI 0], KEMUDAHAN UNTUK MENCAPAI PASAR DENGAN BANGUNAN PERMANEN TERDEKAT","If there is no [column (2) filled with 0], the ease of reaching the market with the nearest permanent building",village level,proportion of ease of access to market with permanent building,proportion,
R906CK2,"JUMLAH PASAR DENGAN BANGUNAN SEMI PERMANEN (MEMILIKI ATAP DAN LANTAI, TANPA DINDING)","The number of markets with semi -permanent buildings (has a roof and floor, without walls)",village level,toal number of markets with semi permanent buildings,sum,
R906CK3,"JIKA TIDAK ADA [KOLOM (2) TERISI 0], JARAK KE PASAR DENGAN BANGUNAN SEMI PERMANEN TERDEKAT (KM)","If there is no [column (2) filled with 0], distance to the market with the nearest semi -permanent building (km)",village level,average distance to market with semi permanent buildings,mean,
R906CK4,"JIKA TIDAK ADA [KOLOM (2) TERISI 0], KEMUDAHAN UNTUK MENCAPAI PASAR DENGAN BANGUNAN SEMI PERMANEN TERDEKAT","If there is no [column (2) filled with 0], the ease of reaching the market with the nearest semi -permanent building",village level,proportion of ease of access to marjet with nearest semi permanent building,proportion,
R906DK2,"JUMLAH PASAR TANPA BANGUNAN (MISALNYA: PASAR KAGET, PASAR SUBUH, PASAR TERAPUNG, DLL.)","The number of markets without buildings (for example: shocked markets, dawn markets, floating markets, etc.)",village level,total number of makets without buildings,sum,
R906DK3,"JIKA TIDAK ADA [KOLOM (2) TERISI 0], JARAK KE PASAR TANPA BANGUNAN TERDEKAT (KM)","If there is no [column (2) filled with 0], distance to the market without the nearest building (km)",village level,average distance to market without buildings,mean,
R906DK4,"JIKA TIDAK ADA [KOLOM (2) TERISI 0], KEMUDAHAN UNTUK MENCAPAI PASAR TANPA BANGUNAN TERDEKAT","If there is no [column (2) filled with 0], the ease of reaching the market without the nearest building",village level,proportion of ease of reaching market without buidings ,proportion,
R906EK2,"JUMLAH MINIMARKET/SWALAYAN (TEMPAT USAHA DI BANGUNAN TETAP UNTUK MENJUAL BERBAGAI JENIS BARANG SECARA ECERAN DENGAN LABEL HARGA, SISTEM PELAYANAN MANDIRI, LUAS LANTAI < 400 M2)","Number of minimarkets/supermarkets (places of business in a fixed building to sell various types of goods in retail with a price label, independent service system, floor area <400 m2)",village level,total number of minimarkets,sum,
R906EK3,"JIKA TIDAK ADA [KOLOM (2) TERISI 0], JARAK KE MINIMARKET/SWALAYAN TERDEKAT (KM)","If there is no [column (2) filled with 0], the distance to the nearest minimarket/supermarket (km)",village level,average distance to reach minimarket,mean,
R906EK4,"JIKA TIDAK ADA [KOLOM (2) TERISI 0], KEMUDAHAN UNTUK MENCAPAI MINIMARKET/SWALAYAN TERDEKAT","If there is no [column (2) filled with 0], the ease of reaching the nearest minimarket/supermarket",village level,proportion of ease of access to reach minimarket,proportion,
R906FK2,"JUMLAH RESTORAN/RUMAH MAKAN (USAHA PANGAN SIAP SAJI DI BANGUNAN TETAP, PEMBELI BIASANYA DIKENAI PAJAK)","Number of restaurants/restaurants (fast food business in permanent buildings, buyers are usually subject to tax)",village level,total number of restaurants,sum,
R906FK3,"JIKA TIDAK ADA [KOLOM (2) TERISI 0], JARAK KE RESTORAN/RUMAH MAKAN TERDEKAT (KM)","If there is no [column (2) filled with 0], the distance to the nearest restaurant/restaurant (km)",village level,average distance to the restaurant,mean,
R906FK4,"JIKA TIDAK ADA [KOLOM (2) TERISI 0], KEMUDAHAN UNTUK MENCAPAI RESTORAN/RUMAH MAKAN TERDEKAT","If there is no [column (2) filled with 0], the ease of reaching the nearest restaurant/restaurant",village level,proportion of ease fo access to restaurant,proportion,
R906GK2,"JUMLAH WARUNG/KEDAI MAKANAN MINUMAN (USAHA PANGAN SIAP SAJI DI BANGUNAN TETAP, PEMBELI BIASANYA TIDAK DIKENAI PAJAK)","Number of food stalls/food stalls (ready -to -eat food business in a permanent building, buyers are usually not subject to tax)",village level,total number of food stalls,sum,
R906GK3,"JIKA TIDAK ADA [KOLOM (2) TERISI 0], JARAK KE WARUNG/KEDAI MAKANAN MINUMAN TERDEKAT (KM)","If there is no [column (2) filled with 0], distance to the nearest food stall/food stall (km)",village level,average distance to nearest food stall,mean,
R906GK4,"JIKA TIDAK ADA [KOLOM (2) TERISI 0], KEMUDAHAN UNTUK MENCAPAI WARUNG/KEDAI MAKANAN MINUMAN TERDEKAT","If there is no [column (2) filled with 0], the ease of reaching the nearest food stall/food stall",village level,proportion of ease of access to nearest food stall,proportion,
R906HK2,"JUMLAH HOTEL (MENYEDIAKAN JASA AKOMODASI DAN ADA RESTORAN, PENGINAPAN DENGAN IZIN USAHA SEBAGAI HOTEL)","Number of hotels (providing accommodation services and restaurants, lodging with business permits as a hotel)",village level,total number of hotels,sum,
R906HK3,"JIKA TIDAK ADA [KOLOM (2) TERISI 0], JARAK KE HOTEL TERDEKAT (KM)","If there is no [column (2) filled 0], distance to the nearest hotel (km)",village level,average distance to nearest hotel,mean,
R906HK4,"JIKA TIDAK ADA [KOLOM (2) TERISI 0], KEMUDAHAN UNTUK MENCAPAI HOTEL TERDEKAT","If there is no [column (2) filled with 0], it is easy to reach the nearest hotel",village level,proportion of ease of access to hotel ,proportion,
R906IK2,"JUMLAH PENGINAPAN: HOSTEL/MOTEL/LOSMEN/WISMA (MENYEDIAKAN AKOMODASI, PENGINAPAN DENGAN IZIN USAHA SEBAGAI BUKAN HOTEL)","Number of lodging: Hostel/Motel/Inn/Wisma (Providing accommodation, lodging with business licenses as non -hotel)",village level,total number of hostels,sum,
R906IK3,"JIKA TIDAK ADA [KOLOM (2) TERISI 0], JARAK KE PENGINAPAN: HOSTEL/MOTEL/LOSMEN/WISMA TERDEKAT (KM)","If there is no [column (2) filled with 0], distance to lodging: hostel/motel/inn/guesthouse nearest (km)",village level,average distance to nearest hostel,mean,
R906IK4,"JIKA TIDAK ADA [KOLOM (2) TERISI 0], KEMUDAHAN UNTUK MENCAPAI PENGINAPAN: HOSTEL/MOTEL/LOSMEN/WISMA TERDEKAT","If there is no [column (2) filled with 0], ease of achieving lodging: hostel/motel/inn/guesthouse nearest",village level,proportion of ease of access to hostel,proportion,
R906JK2,JUMLAH TOKO/WARUNG KELONTONG (TEMPAT USAHA DI BANGUNAN TETAP UNTUK MENJUAL BERBAGAI JENIS BARANG KEPERLUAN SEHARI-HARI SECARA ECERAN TANPA ADA SISTEM PELAYANAN MANDIRI),Number of Shops/Grocery Stalls (places of business in a fixed building to sell various types of daily necessities in retail without an independent service system),village level,total number of shops,sum,
R906JK3,"JIKA TIDAK ADA [KOLOM (2) TERISI 0], JARAK KE TOKO/WARUNG KELONTONG TERDEKAT (KM)","If there is no [column (2) filled with 0], the distance to the nearest shop/stall (km)",village level,average distance to nearest shop,mean,
R906JK4,"JIKA TIDAK ADA [KOLOM (2) TERISI 0], KEMUDAHAN UNTUK MENCAPAI TOKO/WARUNG KELONTONG TERDEKAT","If there is no [column (2) filled with 0], the ease of reaching the nearest grocery store/stall",village level,proportion of ease of access to shop,proportion,
R1001,"KEBIASAAN DAN KETERLIBATAN WARGA DALAM KEGIATAN GOTONG ROYONG DI DESA/KELURAHAN UNTUK KEPENTINGAN UMUM/KOMUNITAS (SEPERTI: KERJA BAKTI, SISKAMLING, PESTA RAKYAT, DLL) SELAMA 1 TAHUN TERAKHIR","Habits and involvement of citizens in mutual cooperation activities in the village/kelurahan for the public interest/community (such as: community service, siskamling, people's parties, etc.) for the past 1 year",village level,proportion of citizens involved in community service,proportion,
R1002A,KEJADIAN PERKELAHIAN MASSAL DI DESA/KELURAHAN SELAMA SETAHUN TERAKHIR,Mass fights in the village/kelurahan for the past year,village level,proportion of incidents of mass fights,proportion,
R1002B,"JIKA ADA KEJADIAN PERKELAHIAN MASSAL, JUMLAH PERKELAHIAN MASSAL YANG TERJADI","If there is a mass fighting event, the amount of mass fighting that occurs",village level,total number of mass fighting events occurred,sum,
R1002C1,KEBERADAAN KORBAN: MENINGGAL,The existence of the victim: died,village level,proportion of victims died,proportion,
R1002C2,KEBERADAAN KORBAN: LUKA-LUKA,The existence of victims: injuries,village level,proportion of victims injured,proportion,
R1002D,PENYEBAB PERKELAHIAN: (PILIHAN BOLEH LEBIH DARI SATU),Causes of Fighting: (Choice may be more than one),village level,proportion of cause of fights,proportion,
R1003,UPAYA PENYELESAIAN PERKELAHIAN MASSAL DILAKUKAN OLEH: (PILIHAN BOLEH LEBIH DARI SATU),Efforts to resolve mass fights are carried out by: (options may be more than one),village level,proportion of efforts to resolve mass fights,proportion,
R100401K3,KEJADIAN PERKOSAAN/KEJAHATAN TERHADAP KESUSILAAN,Rape/crime against decency,village level,proportion of rape incidents,proportion,
R100401K4,KECENDERUNGAN PERKOSAAN/KEJAHATAN TERHADAP KESUSILAAN DIBANDING SETAHUN TERAKHIR,The tendency of rape/crime against decency compared to the last year,village level,proportion of trend of rape incidentst,proportion,
R100402K3,KEJADIAN PENYALAHGUNAAN/PEREDARAN NARKOBA,The incidence of drug abuse/trafficking,village level,proportion of drug abbuse,proportion,
R100402K4,KECENDERUNGAN PENYALAHGUNAAN/PEREDARAN NARKOBA DIBANDING SETAHUN TERAKHIR,The tendency of drug abuse/circulation compared to the last year,village level,proportion of trend of drug abbuse,proportion,
R100403K3,KEJADIAN PERDAGANGAN ORANG (TRAFFICKING),Trafficking trafficking events,village level,proportion of human trafficking,proportion,
R100403K4,KECENDERUNGAN PERDAGANGAN ORANG (TRAFFICKING) DIBANDING SETAHUN TERAKHIR,Trafficking trafficking tendencies compared to the last year,village level,proportion of trend of human trafficking,proportion,
R100404K3,KEJADIAN KORUPSI,Corruption incident,village level,proportion of corruption,proportion,
R100404K4,KECENDERUNGAN KORUPSI DIBANDING SETAHUN TERAKHIR,The tendency of corruption compared to the last year,village level,proportion of trend of corruption,proportion,
R1005A,PEMBANGUNAN/PEMELIHARAAN POS KEAMANAN LINGKUNGAN SELAMA SETAHUN TERAKHIR,Development/maintenance of environmental security posts over the past year,village level,proportion of maintanance of security posts,proportion,
R1005B,PEMBENTUKAN/PENGATURAN REGU KEAMANAN SELAMA SETAHUN TERAKHIR,The formation/setting of security teams for the past year,village level,proportion of formation of security teams,proportion,
R1005C,PENAMBAHAN JUMLAH ANGGOTA HANSIP/LINMAS SELAMA SETAHUN TERAKHIR,Increase in the number of Hansip/Linmas members for the past year,village level,proportion of increase in linmas members,proportion,
R1005D,PELAPORAN TAMU YANG MENGINAP LEBIH DARI 24 JAM KE APARAT LINGKUNGAN SELAMA SETAHUN TERAKHIR,Reporting guests who stayed more than 24 hours to the environmental officers for the past year,village level,proportion of guests stayed over 24hrs,proportion,
R1005E,PENGAKTIFAN SISTEM KEAMANAN LINGKUNGAN BERASAL DARI INISIATIF WARGA SELAMA SETAHUN TERAKHIR,Activation of the environmental security system comes from citizens' initiatives for the past year,village level,proportion of initiatives from citizens,proportion,
R1006A,JUMLAH MASJID DI DESA/KELURAHAN,The number of mosques in the village/kelurahan,village level,total number of mosques,sum,
R1006B,JUMLAH SURAU/LANGGAR/MUSHOLLA DI DESA/KELURAHAN,Number of Surau/Langgar/Musholla in the Village/Kelurahan,village level,total number of musholla,sum,
R1006C,JUMLAH GEREJA KRISTEN,Number of Christian Churches,village level,total number of churches,sum,
R1006D,JUMLAH GEREJA KATOLIK,Number of Catholic Churches,village level,total number of catholic churches,sum,
R1006E,JUMLAH KAPEL,Number of chapels,village level,total number of chapels,sum,
R1006F,JUMLAH PURA,Number of temples,village level,total number of puras,sum,
R1006G,JUMLAH WIHARA,Number of temples,village level,total number of temples,sum,
R1006H,JUMLAH KELENTENG,Number of temples,village level,total number of temples,sum,
R1006I,JUMLAH LAINNYA,Other quantities,village level,total number of others ,sum,
R1101AK2,KEJADIAN TANAH LONGSOR,Landslide incidence,village level,proportion of events,proportion,
R1101AK3,BANYAK KEJADIAN TANAH LONGSOR 2019,Many landslide events 2019,village level,total number of events,sum,
R1101AK4,KORBAN JIWA TANAH LONGSOR 2019,Landslide fatalities 2019,village level,total number of fatalities,sum,
R1101AK5,BANYAK KEJADIAN TANAH LONGSOR 2020 (JANUARI-MARET),Many landslide events 2020 (January-March),village level,total number of events,sum,
R1101AK6,KORBAN JIWA TANAH LONGSOR 2020 (JANUARI-MARET),Landslide fatalities 2020 (January-March),village level,total number of fatalities,sum,
R1101BK2,KEJADIAN BANJIR,Flood events,village level,proportion of events,proportion,
R1101BK3,BANYAK KEJADIAN BANJIR 2019,Many flood events 2019,village level,total number of events,sum,
R1101BK4,KORBAN JIWA BANJIR 2019,Flood fatalities 2019,village level,total number of fatalities,sum,
R1101BK5,BANYAK KEJADIAN BANJIR 2020 (JANUARI-MARET),Many flood events 2020 (January-March),village level,total number of events,sum,
R1101BK6,KORBAN JIWA BANJIR 2020 (JANUARI-MARET),Flood fatalities 2020 (January-March),village level,total number of fatalities,sum,
R1101CK2,KEJADIAN BANJIR BANDANG,Flash floods,village level,proportion of events,proportion,
R1101CK3,BANYAK KEJADIAN BANJIR BANDANG 2019,Many flash flood events 2019,village level,total number of events,sum,
R1101CK4,KORBAN JIWA BANJIR BANDANG 2019,Flash flood fatalities 2019,village level,total number of fatalities,sum,
R1101CK5,BANYAK KEJADIAN BANJIR BANDANG 2020 (JANUARI-MARET),Many flash flood events 2020 (January-March),village level,total number of events,sum,
R1101CK6,KORBAN JIWA BANJIR BANDANG 2020 (JANUARI-MARET),Flash Flood Life 2020 (January-March),village level,total number of fatalities,sum,
R1101DK2,KEJADIAN GEMPA BUMI,Earthquake incidence,village level,proportion of events,proportion,
R1101DK3,BANYAK KEJADIAN GEMPA BUMI 2019,Many earthquake events 2019,village level,total number of events,sum,
R1101DK4,KORBAN JIWA GEMPA BUMI 2019,Earthquake casualties 2019,village level,total number of fatalities,sum,
R1101DK5,BANYAK KEJADIAN GEMPA BUMI 2020 (JANUARI-MARET),Many Earthquakes 2020 (January-March),village level,total number of events,sum,
R1101DK6,KORBAN JIWA GEMPA BUMI 2020 (JANUARI-MARET),Earthquake casualties 2020 (January-March),village level,total number of fatalities,sum,
R1101EK2,KEJADIAN TSUNAMI,Tsunami events,village level,proportion of events,proportion,
R1101EK3,BANYAK KEJADIAN TSUNAMI 2019,Many tsunami events 2019,village level,total number of events,sum,
R1101EK4,KORBAN JIWA TSUNAMI 2019,Tsunami casualties 2019,village level,total number of fatalities,sum,
R1101EK5,BANYAK KEJADIAN TSUNAMI 2020 (JANUARI-MARET),Many Tsunami events 2020 (January-March),village level,total number of events,sum,
R1101EK6,KORBAN JIWA TSUNAMI 2020 (JANUARI-MARET),Tsunami fatalities 2020 (January-March),village level,total number of fatalities,sum,
R1101FK2,KEJADIAN GELOMBAN PASANG LAUT,The incidence of tides,village level,proportion of events,proportion,
R1101FK3,BANYAK KEJADIAN GELOMBAN PASANG LAUT 2019,Many Sea Tidal Events 2019,village level,total number of events,sum,
R1101FK4,KORBAN JIWA GELOMBAN PASANG LAUT 2019,Fatalities of seas tides 2019,village level,total number of fatalities,sum,
R1101FK5,BANYAK KEJADIAN GELOMBAN PASANG LAUT 2020 (JANUARI-MARET),Many events of sea tide 2020 (January-March),village level,total number of events,sum,
R1101FK6,KORBAN JIWA GELOMBAN PASANG LAUT 2020 (JANUARI-MARET),Cats of Sea Tidal Floms 2020 (January-March),village level,total number of fatalities,sum,
R1101GK2,KEJADIAN ANGIN PUYUH/PUTING BELIUNG/TOPAN,The incidence of a quail/tornado/typhoon wind,village level,proportion of events,proportion,
R1101GK3,BANYAK KEJADIAN ANGIN PUYUH/PUTING BELIUNG/TOPAN 2019,Many quail/tornado/typhoon 2019 wind events,village level,total number of events,sum,
R1101GK4,KORBAN JIWA ANGIN PUYUH/PUTING BELIUNG/TOPAN 2019,Casting Wind Faith/Nipples/Typhoon 2019,village level,total number of fatalities,sum,
R1101GK5,BANYAK KEJADIAN ANGIN PUYUH/PUTING BELIUNG/TOPAN 2020 (JANUARI-MARET),Many Winds of Quail/Tornado/Typhoon 2020 (January-March),village level,total number of events,sum,
R1101GK6,KORBAN JIWA ANGIN PUYUH/PUTING BELIUNG/TOPAN 2020 (JANUARI-MARET),Casting a Fair Wind/Tornado/Typhoon 2020 (January-March),village level,total number of fatalities,sum,
R1101HK2,KEJADIAN GUNUNG MELETUS,The incidence of volcanic erupted,village level,proportion of events,proportion,
R1101HK3,BANYAK KEJADIAN GUNUNG MELETUS 2019,Many Mount Eruptions 2019,village level,total number of events,sum,
R1101HK4,KORBAN JIWA GUNUNG MELETUS 2019,Volcanic Life Erupts 2019,village level,total number of fatalities,sum,
R1101HK5,BANYAK KEJADIAN GUNUNG MELETUS 2020 (JANUARI-MARET),Many Mount Eruptions 2020 (January-March),village level,total number of events,sum,
R1101HK6,KORBAN JIWA GUNUNG MELETUS 2020 (JANUARI-MARET),Mount erupting fatalities 2020 (January-March),village level,total number of fatalities,sum,
R1101IK2,KEJADIAN KEBAKARAN HUTAN DAN LAHAN,Forest and land fires,village level,proportion of events,proportion,
R1101IK3,BANYAK KEJADIAN KEBAKARAN HUTAN DAN LAHAN 2019,Many Forest and Land Fire Events 2019,village level,total number of events,sum,
R1101IK4,KORBAN JIWA KEBAKARAN HUTAN DAN LAHAN 2019,Forest and Land Fire Lats 2019,village level,total number of fatalities,sum,
R1101IK5,BANYAK KEJADIAN KEBAKARAN HUTAN DAN LAHAN 2020 (JANUARI-MARET),Many Forest and Land Fires 2020 (January-March),village level,total number of events,sum,
R1101IK6,KORBAN JIWA KEBAKARAN HUTAN DAN LAHAN 2020 (JANUARI-MARET),Forest and Land Fire Cats 2020 (January-March),village level,total number of fatalities,sum,
R1101JK2,KEJADIAN KEKERINGAN (LAHAN),Drought (land),village level,proportion of events,proportion,
R1101JK3,BANYAK KEJADIAN KEKERINGAN (LAHAN) 2019,Many drought events (land) 2019,village level,total number of events,sum,
R1101JK4,KORBAN JIWA KEKERINGAN (LAHAN) 2019,Drought casualties (land) 2019,village level,total number of fatalities,sum,
R1101JK5,BANYAK KEJADIAN KEKERINGAN (LAHAN) 2020 (JANUARI-MARET),Many drought (land) 2020 (January-March),village level,total number of events,sum,
R1101JK6,KORBAN JIWA KEKERINGAN (LAHAN) 2020 (JANUARI-MARET),Drought casualties (land) 2020 (January-March),village level,total number of fatalities,sum,
R1102A,SISTEM PERINGATAN DINI BENCANA ALAM,Natural disaster early warning system,village level,proportion of early warning systems,proportion,
R1102B,SISTEM PERINGATAN DINI KHUSUS TSUNAMI,Special tsunami early warning system,village level,proportion of early warning systems,proportion,
R1102C,"PERLENGKAPAN KESELAMATAN (PERAHU KARET, TENDA, MASKER, DLL.)","Safety equipment (rubber boats, tents, masks, etc.)",village level,proportion of safety equipment,proportion,
R1102D,RAMBU-RAMBU DAN JALUR EVAKUASI BENCANA,Signs and Disaster Evacuation Routes,village level,proportion of signs and evacuation roots,proportion,
R1102E,"PEMBUATAN, PERAWATAN, ATAU NORMALISASI: SUNGAI, KANAL, TANGGUL, PARIT, DRAINASE, WADUK, PANTAI, DLL","Manufacturing, maintenance, or normalization: rivers, canals, embankments, ditches, drainage, reservoirs, beaches, etc.",village level,proportion of maintenance of rivers etc,proportion,
R1201A,TANAH KAS DESA/ULAYAT,Village cash/customary land,village level,proportion of village asset ownership,proportion,
R1201B,"BANGUNAN MILIK DESA (BALAI DESA, BALAI RAKYAT, DLL.)","Village -owned buildings (Village Hall, Rakyat Hall, etc.)",village level,proportion of village owned buildings ,proportion,
R1201C,ASET DESA LAINNYA,Other village assets,village level,proportion of other assets,proportion,
R1202,JUMLAH UNIT USAHA BUMDES:,Number of BUMDes Business Units:,village level,total number of business units,sum,
R1203,"JUMLAH PASAR DESA (PASAR HEWAN, PELELANGAN IKAN, PELELANGAN HASIL PERTANIAN, DLL.)","The number of village markets (animal markets, fish auctions, agricultural auctions, etc.)",village level,total number of village markets,sum,
R1204,JUMLAH TAMBATAN PERAHU,Number of boat mooring,village level,total number of boat mooring,sum,
R1301AK2,KEBERADAAN : KEPALA DESA/LURAH,Existence: Village Head/Lurah,village level,proportion of existrnce of village head,proportion,
R1301AK3,UMUR KEPALA DESA/LURAH,Age of the Village Head/Lurah,village level,average age of village head,mean,
R1301AK4,JENIS KELAMIN KEPALA DESA/LURAH,The gender of the village head/lurah,village level,proportion of gender,proportion,
R1301AK5,PENDIDIKAN TERTINGGI YANG DITAMATKAN KEPALA DESA/LURAH,The highest education completed by the village head/lurah,village level,proportion of highest education,proportion,
R1301BK2,KEBERADAAN : SEKRETARIS DESA/SEKRETARIS KELURAHAN,Existence: Village Secretary/Village Secretary,village level,proportion of existrnce of village sec,proportion,
R1301BK3,UMUR SEKRETARIS DESA/SEKRETARIS KELURAHAN,Age of the Village Secretary/Village Secretary,village level,average age of village sec,mean,
R1301BK4,JENIS KELAMIN SEKRETARIS DESA/SEKRETARIS KELURAHAN,The sex of the village secretary/kelurahan secretary,village level,proportion of gender,proportion,
R1301BK5,PENDIDIKAN TERTINGGI YANG DITAMATKAN SEKRETARIS DESA/SEKRETARIS KELURAHAN,The highest education completed by the Village Secretary/Village Secretary,village level,proportion of highest education,proportion,
R1302A,"JUMLAH SEKRETARIAT DESA/KELURAHAN (KAUR KEUANGAN, KAUR PERENCANAAN, DLL)","Number of Village/Kelurahan Secretariat (Kaur Finance, Planning Kaur, etc.)",village level,total number of village secreteriat,sum,
R1302B,"JUMLAH PELAKSANA TEKNIS (KASI PEMERINTAHAN, KASI KESEJAHTERAAN, DLL)","Number of Technical Implementers (Head of Government, Head of Welfare, etc.)",village level,total number of technical implementers,sum,
